source,target,weight,breed
BM1-EM1-M,BM1,353,roads
BM1,BM1-EM1-M,353,roads
BM1-EM1-M,EM1,418,roads
EM1,BM1-EM1-M,418,roads
BM2-M,BM1-EM1-M,258,roads
BM1-EM1-M,BM2-M,258,roads
BM2-M,BM3-B,573,roads
EM2-M,BM2-M,343,roads
EM2-EM23,EM2-M,157,roads
EM2-M,EM2-EM23,157,roads
BM3-M,EM2-M,52,roads
EM23,EM2-EM23,230,roads
EM2-EM23,EM23,230,roads
EM2,EM2-EM23,341,roads
EM2-EM23,EM2,341,roads
BM3-B,BM3-M,200,roads
BM3-M,BM3-B,200,roads
EM3-M,BM3-M,350,roads
BM4-BD1-B,BM3-B,630,roads
BM3-B,BM4-BD1-B,630,roads
EM4-EM3,EM3-M,155,roads
EM3-M,EM4-EM3,155,roads
EM3-M,BM4-M,280,roads
BM4-M,EM3-M,280,roads
EM3,EM4-EM3,459,roads
EM4-EM3,EM3,459,roads
EM4-M,EM4-EM3,453,roads
EM4-EM3,EM4-M,453,roads
EM4-M,BM4-M,39,roads
BM4-M,EM4-M,39,roads
EM5-M,EM4-M,80,roads
EM4-M,EM5-M,80,roads
EM5,EM5-M,278,roads
EM5-M,EM5,278,roads
EM5-M,EM6-M,304,roads
EM6-M,EM5-M,304,roads
EM6,EM6-M,285,roads
EM6-M,EM6,285,roads
EM8-M,EM6-M,205,roads
EM6-M,EM8-M,205,roads
EM8,EM8-M,128,roads
EM8-M,EM8,128,roads
BM5-MD2-M,EM8-M,440,roads
EM8-M,BM5-MD2-M,440,roads
BD1-D1-D2A-D,BM4-BD1-B,186,roads
BM4-BD1-B,BD1-D1-D2A-D,186,roads
D1-09R,BD1-D1-D2A-D,159,roads
BD1-D1-D2A-D,D1-09R,159,roads
D2A-D2-09R,BD1-D1-D2A-D,241,roads
BD1-D1-D2A-D,D2A-D2-09R,241,roads
BD2-D,BD1-D1-D2A-D,209,roads
BD1-D1-D2A-D,BD2-D,209,roads
D2A-D2-09R,BD2-D,200,roads
BD2-D,D2A-D2-09R,200,roads
BD2-D,BD2-B,200,roads
BD2-B,BD2-D,200,roads
BD3-B,BD2-B,131,roads
BD2-B,BD3-B,131,roads
BD3-D,BD2-D,131,roads
BD2-D,BD3-D,131,roads
BD3-D,BD3-B,200,roads
BD3-B,BD3-D,200,roads
BD3-D,BD4-D,133,roads
BD4-D,BD3-D,133,roads
BD4-B,BD3-B,133,roads
BD3-B,BD4-B,133,roads
BD4-B,BD4-D,200,roads
BD4-D,BD4-B,200,roads
BD5-D3-D,BD4-D,160,roads
BD4-D,BD5-D3-D,160,roads
BD5-B,BD4-B,160,roads
BD4-B,BD5-B,160,roads
D3-09R,BD5-D3-D,157,roads
BD5-D3-D,D3-09R,157,roads
D4-Y1-09R,BD5-D3-D,232,roads
BD5-D3-D,D4-Y1-09R,232,roads
BD6-D4-D,BD5-D3-D,169,roads
BD5-D3-D,BD6-D4-D,169,roads
BD5-DY,BD5-D3-D,101,roads
BD5-DY,BD6-DY-D,169,roads
BD6-DY-D,BD5-DY,169,roads
BD5-B,BD5-DY,100,roads
K1-D4,D3-09R,258,roads
D3-09R,K1-D4,258,roads
Z1-09L,K1-D4,200,roads
K1-D4,Z1-09L,200,roads
K2-K,K1-D4,326,roads
K1-D4,K2-K,326,roads
D4-Y1-09R,K1-D4,210,roads
K1-D4,D4-Y1-09R,210,roads
D4-Y1-09R,D5-Y1-09R,300,roads
D5-Y1-09R,D4-Y1-09R,300,roads
D4-Y1-09R,BD6-D4-D,131,roads
BD6-D4-D,D4-Y1-09R,131,roads
BD6-DY-D,BD6-D4-D,100,roads
BD6-B,BD6-DY-D,100,roads
BD6-B,BD5-B,169,roads
MD1-D,BD6-DY-D,151,roads
D5-D-Y2,MD1-D,142,roads
MD1-D,MD1-MD2-B,180,roads
MD1-MD2-B,MD1-D,180,roads
BM5-B,BD6-B,115,roads
BM5-B,BM5-MD2-M,148,roads
BM5-MD2-M,BM5-B,148,roads
MD1-MD2-B,BM5-B,168,roads
BM5-MD2-M,MD1-MD2-B,116,roads
MD1-MD2-B,BM5-MD2-M,116,roads
BM6-MD1-M,BM5-MD2-M,127,roads
BM5-MD2-M,BM6-MD1-M,127,roads
BM6-MD1-M,MD1-MD2-B,89,roads
MD1-MD2-B,BM6-MD1-M,89,roads
D5-D-Y2,MD1-MD2-B,100,roads
MD1-MD2-B,D5-D-Y2,100,roads
BD8-BM6-B,MD1-MD2-B,122,roads
BD8-BM6-B,BM6-MD1-M,91,roads
BM6-MD1-M,BD8-BM6-B,91,roads
BD8-BM6-B,BD8-BD7,53,roads
BD8-BD7,BD8-BM6-B,53,roads
BD8-BD7,D5-D-Y2,173,roads
BD8-D6-D,D5-D-Y2,208,roads
D5-D-Y2,BD8-D6-D,208,roads
BD8-BD7,BD8-D6-D,84,roads
BD8-D6-D,BD8-BD7,84,roads
BD7-B,BD8-BD7,92,roads
D6-Y2,D5-D-Y2,320,roads
D5-D-Y2,D6-Y2,320,roads
D5-Y1-09R,D5-D-Y2,317,roads
D5-D-Y2,D5-Y1-09R,317,roads
K2-K,D5-Y1-09R,210,roads
D5-Y1-09R,K2-K,210,roads
K2-K,Z2-09L,70,roads
Z2-09L,K2-K,70,roads
K2-K,Z3-K-09L,338,roads
Z3-K-09L,K2-K,338,roads
D6-09R,Z3-K-09L,356,roads
Z3-K-09L,D6-09R,356,roads
D6-09R,D6-Y2,65,roads
D6-Y2,D6-09R,65,roads
BD8-D6-D,D6-Y2,189,roads
D6-Y2,BD8-D6-D,189,roads
DA1-M,BM6-MD1-M,578,roads
BM6-MD1-M,DA1-M,578,roads
BD7-B,BD8-BM6-B,119,roads
DA1-B,BD7-B,357,roads
DA1-D,BD8-D6-D,382,roads
BD8-D6-D,DA1-D,382,roads
Y2-Y4-09R,D6-Y2,320,roads
D6-Y2,Y2-Y4-09R,320,roads
DA1-B,DA1-D,100,roads
DA1-D,DA1-B,100,roads
DA1-B,DA1-M,191,roads
DA1-M,DA1-B,191,roads
M-A,DA1-M,48,roads
DA1-M,M-A,48,roads
Y4-Y3,Y2-Y4-09R,273,roads
Y2-Y4-09R,Y4-Y3,273,roads
Y4-Y3,Y3-Y5-09R,266,roads
Y3-Y5-09R,Y4-Y3,266,roads
Y4-Y3,DA1-D,310,roads
DA1-D,Y4-Y3,310,roads
Y4-Y3,Y4-D-Q,326,roads
Y4-D-Q,Y4-Y3,326,roads
BD9-D,DA1-D,376,roads
DA1-D,BD9-D,376,roads
BD9-D,Y4-D-Q,164,roads
Y4-D-Q,BD9-D,164,roads
BD9-D,A-W-B,151,roads
A-W-B,BD9-D,151,roads
Y4-D-Q,A-W-B,296,roads
A-W-B,Y4-D-Q,296,roads
DA1-M,DA1-A-Y,122,roads
DA1-A-Y,DA1-M,122,roads
Y,DA1-A-Y,140,roads
DA1-A-Y,Y,140,roads
DA1-A-Y,A-Z,305,roads
Z,A-Z,140,roads
A-Z,Z,140,roads
A-Z,A-A3-1,306,roads
A-A3-1,A3-Z,248,roads
Z,A3-Z,140,roads
A3-Z,Z,140,roads
A3-Z,A3-Y,100,roads
Y,A3-Y,140,roads
A3-Y,Y,140,roads
A3-Y,A3-X,119,roads
X,A3-X,140,roads
A3-X,X,140,roads
A3-X,A3-W,96,roads
W,A3-W,140,roads
A3-W,W,140,roads
A3-W,A3-U,271,roads
U,A3-U,140,roads
A3-U,U,140,roads
A3-U,A-A3-2,189,roads
A-A3-2,A-A3-1,201,roads
A-A3-1,A-A3-2,201,roads
A-A3-2,A-NA1,249,roads
A-NA1,A-A3-2,249,roads
A-U,A-NA1,78,roads
A-NA1,A-U,78,roads
U,A-U,130,roads
A-U,U,130,roads
A-V,A-U,595,roads
A-U,A-V,595,roads
V,A-V,140,roads
A-V,V,140,roads
A-W-B,A-V,214,roads
A-V,A-W-B,214,roads
W,A-W-B,140,roads
A-W-B,W,140,roads
A-W-B,A-B,102,roads
A-B,A-X,234,roads
X,A-X,160,roads
A-X,X,160,roads
A-X,M-A,156,roads
M-A,DA1-A-Y,127,roads
A-B,DA1-B,360,roads
Y5-QB1-Q,Y4-D-Q,469,roads
Y4-D-Q,Y5-QB1-Q,469,roads
Y5-QB1-Q,Y3-Y5-09R,557,roads
Y3-Y5-09R,Y5-QB1-Q,557,roads
QB2-Q,Y5-QB1-Q,176,roads
Y5-QB1-Q,QB2-Q,176,roads
QB2-Q,QB2-F-B,200,roads
QB2-F-B,QB2-Q,200,roads
QB1-B-N,A-W-B,472,roads
QB2-F-B,QB1-B-N,195,roads
QB1-B-N,Y5-QB1-Q,200,roads
Y5-QB1-Q,QB1-B-N,200,roads
A-NA1,NA1-FN1-N,212,roads
NA1-FN1-N,F-A4,101,roads
F-A4,A4,395,roads
A4,F-A4,395,roads
QB1-B-N,NA1-FN1-N,692,roads
F-A4,QB2-F-B,697,roads
QB3-B,QB2-F-B,256,roads
QB3-Q,QB3-B,200,roads
QB4-B,QB3-B,152,roads
QB4-Q,QB4-B,200,roads
QB5-B,QB4-B,152,roads
QB5-Q,QB5-B,200,roads
QB6-B,QB5-B,152,roads
QB6-Q,QB6-B,200,roads
QB7-B,QB6-B,180,roads
QB7-Q4-Q,QB7-B,100,roads
QB7-Q,QB7-Q4-Q,100,roads
QB3-Q,QB2-Q,276,roads
QB2-Q,QB3-Q,276,roads
Y6-QB3,QB3-Q,91,roads
QB3-Q,QB4-Q,152,roads
Y6-QB3,QB4-Q,202,roads
QB4-Q,Y6-QB3,202,roads
Y6-QB3,Y6-27L,255,roads
Y6-27L,Y6-QB3,255,roads
Q2-27L,QB4-Q,154,roads
QB4-Q,Q2-27L,154,roads
QB4-Q,QB5-Q,152,roads
QB5-Q,Q3-Q,97,roads
Q3-Q,QB6-Q,54,roads
Q3-27L,Q3-Q,152,roads
Q3-Q,Q3-27L,152,roads
QB6-Q,QB7-Q4-Q,180,roads
QB7-Q4-Q,Q4-27L,146,roads
Q4-27L,QB7-Q4-Q,146,roads
K6-Z6-K,Q2-27L,284,roads
Q2-27L,K6-Z6-K,284,roads
K7-Z7-K,Q3-27L,284,roads
Q3-27L,K7-Z7-K,284,roads
K8-Z8-K,Q4-27L,319,roads
Q4-27L,K8-Z8-K,319,roads
K8-Z8-K,Z8-27R,59,roads
Z8-27R,K8-Z8-K,59,roads
Z7-27R,K7-Z7-K,58,roads
K7-Z7-K,Z7-27R,58,roads
K6-Z6-K,Z6-27R,151,roads
Z6-27R,K6-Z6-K,151,roads
K6-Z6-K,Z5-27R,610,roads
Z5-27R,K6-Z6-K,610,roads
QB8-B,QB7-B,225,roads
QB8-B,QB8-Q,100,roads
QB8-Q,QB8-B,100,roads
QB7-Q,QB8-Q,225,roads
Q5-27L,QB8-Q,246,roads
QB8-Q,Q5-27L,246,roads
QB8-Q,QB9-Q,331,roads
QB9-B,QB8-B,331,roads
QB9-B,QB9-Q,100,roads
QB9-Q,QB9-B,100,roads
Q6-27L,QB9-Q,248,roads
QB9-Q,QB10-Q,620,roads
QB10-B,QB9-B,539,roads
QB10-B,QB10-Q,135,roads
QB10-Q,QB10-B,135,roads
QB11-Q,QB10-Q,82,roads
QB10-Q,QB11-Q,82,roads
QB11-B,QB10-B,96,roads
QB11-B,QB11-Q,140,roads
QB11-Q,QB11-B,140,roads
QB12-B,QB11-B,495,roads
QB11-Q,QB12-Q,574,roads
QB12-Q,QB12-B,100,roads
QB12-B,QB12-Q,100,roads
B1-B2,QB12-B,484,roads
QB12-B,B1-B2,484,roads
MIDDLE3,QB12-B,306,roads
QB12-Q,MIDDLE4,306,roads
B-E-GE1,MIDDLE3,349,roads
MIDDLE4,Q-E-GE2,349,roads
B-E-GE1,Q-E-GE2,105,roads
Q-E-GE2,B-E-GE1,105,roads
B-E-GE1,G-GE1,101,roads
G-GE1,B-E-GE1,101,roads
G-GE2,G-GE1,85,roads
G-GE1,G-GE2,85,roads
E3,G-GE1,216,roads
G-GE1,E3,216,roads
E4,E3,116,roads
E3,E4,116,roads
E4,G-GE2,216,roads
G-GE2,E4,216,roads
Q-E-GE2,G-GE2,101,roads
G-GE2,Q-E-GE2,101,roads
Q-E-GE2,E-GE3,276,roads
E-GE3,Q-E-GE2,276,roads
G-GE3,E-GE3,99,roads
E-GE3,G-GE3,99,roads
G-GE2,G-GE3,291,roads
G-GE3,G-GE2,291,roads
E-GE4,E-GE3,198,roads
E-GE3,E-GE4,198,roads
G-GE4,E-GE4,100,roads
E-GE4,G-GE4,100,roads
G-E6,G-GE3,124,roads
G-GE3,G-E6,124,roads
G-E6,G-GE4,73,roads
G-GE4,G-E6,73,roads
R-E5,G-GE3,912,roads
R-E6,G-E6,912,roads
E-GE5,E-GE4,369,roads
E-GE4,E-GE5,369,roads
G-E7,G-GE4,219,roads
G-GE4,G-E7,219,roads
G-GE5-GE6,G-E7,147,roads
G-GE5-GE6,E-GE5,125,roads
E-GE5,G-GE5-GE6,125,roads
E-GE6,E-GE5,204,roads
E-GE5,E-GE6,204,roads
G-GE5-GE6,E-GE6,101,roads
E-GE6,G-GE5-GE6,101,roads
E7-TL2,G-E7,131,roads
G-TL2,E7-TL2,96,roads
E7-TL3,E7-TL2,171,roads
E7-TL2,E7-TL3,171,roads
G-GE7,E7-TL3,96,roads
G-TL2,G-GE5-GE6,108,roads
G-GE5-GE6,G-TL2,108,roads
G-GE7,G-TL2,171,roads
G-TL2,G-GE7,171,roads
E-GE7,E-GE6,279,roads
E-GE6,E-GE7,279,roads
E-GE7,G-GE7,101,roads
G-GE7,E-GE7,101,roads
G-GE7,G-GE8,253,roads
E-GE8,E-GE7,256,roads
G-GE8,E-GE8,101,roads
E-GE8,G-GE8,101,roads
P4-E9,E-GE8,172,roads
E-GE8,P4-E9,172,roads
E-P4,E-GE8,114,roads
E-GE8,E-P4,114,roads
E-GE9,E-P4,21,roads
E-P4,E-GE9,21,roads
E-GE9,E-P5,22,roads
E-P5,E-GE9,22,roads
P4-E9,E-P4,72,roads
E-P5,P5-E9,72,roads
P5-E9,P4-E9,44,roads
P4-E9,P5-E9,44,roads
P4-E9,P4-E10,160,roads
P4-E10,P4-E9,160,roads
P4-E10,P5-E10,44,roads
P5-E10,P4-E10,44,roads
P5-E9,P5-E10,160,roads
P5-E10,P5-E9,160,roads
E10,P4-E10,166,roads
P4-E10,E10,166,roads
P4-E11,P4-E10,201,roads
P4-E10,P4-E11,201,roads
E11,P4-E11,166,roads
P4-E11,E11,166,roads
P4-E12,P4-E11,201,roads
P4-E11,P4-E12,201,roads
E12,P4-E12,166,roads
P4-E12,E12,166,roads
P5-E12,P4-E12,44,roads
P4-E12,P5-E12,44,roads
P5-E11,P5-E12,201,roads
P5-E12,P5-E11,201,roads
P4-E11,P5-E11,44,roads
P5-E11,P4-E11,44,roads
P5-E11,P5-E10,201,roads
P5-E10,P5-E11,201,roads
G-GE8,E8-TL4,95,roads
E8-TL5,E8-TL4,139,roads
E8-TL4,E8-TL5,139,roads
G-GE9,E8-TL5,95,roads
E-GE9,G-GE9,101,roads
G-GE9,E-GE9,101,roads
G-GE9,G-GE10,131,roads
G-GE10,G-GE9,131,roads
G-GE10,E8-TL6,95,roads
E8-TL5,E8-TL6,134,roads
E8-TL6,E8-TL5,134,roads
E-GE10,G-GE10,101,roads
G-GE10,E-GE10,101,roads
E-GE10,E-P5,101,roads
E-P5,E-GE10,101,roads
E8-TL6,E8-R,101,roads
R-RP10,G-GE10,104,roads
G-GE10,R-RP10,104,roads
R-RP11,E-GE10,110,roads
R-RP11,R-RP10,101,roads
R-RP12,R-RP11,133,roads
R-RP13,R-RP12,125,roads
R-RP14,R-RP13,170,roads
R-RP14,R-RP15,125,roads
R-RP15,R-RP14,125,roads
P-RP12,E-GE10,133,roads
E-GE10,P-RP12,133,roads
P-RP13,P-RP12,125,roads
P-RP12,P-RP13,125,roads
P-RP14,P-RP13,170,roads
P-RP13,P-RP14,170,roads
R-RP15,P-RP14,228,roads
P-RP14,R-RP15,228,roads
R-RP14,P-RP14,124,roads
P-RP14,R-RP14,124,roads
R-RP13,P-RP13,124,roads
P-RP13,R-RP13,124,roads
R-RP12,P-RP12,116,roads
P-RP12,R-RP12,116,roads
R1-26R,R-RP15,615,roads
R-RP15,R1-26R,615,roads
T-RT10,R-RP10,100,roads
R-RP10,T-RT10,100,roads
T-RT11,R-RP11,100,roads
T-RT12,R-RP12,100,roads
R-RP12,T-RT12,100,roads
T-RT13,R-RP13,100,roads
T-RT14,R-RP14,100,roads
T-RT15,R-RP15,160,roads
R-RP15,T-RT15,160,roads
R-RT9,E8-R,41,roads
E8-R,R-RT9,41,roads
T-RT9,R-RT9,100,roads
R-RT9,T-RT9,100,roads
T-RT9,T-RT10,139,roads
T-RT10,T-RT11,101,roads
T-RT11,T-RT12,132,roads
T-RT12,T-RT13,125,roads
T-RT13,T-T10,87,roads
T-T10,T-RT13,87,roads
T-RT14,T-T10,83,roads
T-T10,T-RT14,83,roads
T-RT14,T-RT15,158,roads
R-RT9,R-RT8,228,roads
R-RT8,R-RT9,228,roads
T-RT8,R-RT8,100,roads
R-RT8,T-RT8,100,roads
T-RT9,R-RT9,100,roads
R-RT9,T-RT9,100,roads
T-RT8,T-RT9,228,roads
V5-26L,S6-S,865,roads
S6-S,V5-26L,865,roads
W6-RT9-RT10,T-RT9,84,roads
T-RT9,W6-RT9-RT10,84,roads
W6-RT9-RT10,T-RT10,191,roads
T-RT10,W6-RT9-RT10,191,roads
W6-RT9-RT10,W6-26R,329,roads
W6-26R,W6-RT9-RT10,329,roads
T9-26R,T-RT11,114,roads
S6-S,T9-26R,289,roads
S6-V6,S6-S,72,roads
S6-S,S6-V6,72,roads
S6-V6,S-V6,188,roads
S-V6,S6-V6,188,roads
V6-26L,S6-V6,311,roads
S6-V6,V6-26L,311,roads
S6-S,S-V6,133,roads
S-V6,S6-S,133,roads
S7-S,S-V6,77,roads
S-V6,S7-S,77,roads
T10-26R,T-T10,177,roads
S7-S,T10-26R,276,roads
V7-26L,S7-S,236,roads
S7-S,V7-26L,236,roads
S9-S,S7-S,150,roads
S7-S,S9-S,150,roads
T11-26R,T-RT14,175,roads
S9-S,T11-26R,246,roads
V9-26L,S9-S,152,roads
S9-S,V9-26L,152,roads
T12-26R,RT15-T12,134,roads
RT15-T12,T12-26R,134,roads
R-E6,R-RT8,73,roads
R-RT8,R-E6,73,roads
R-E5,R-E6,91,roads
R-E6,R-E5,91,roads
R-E5,R-RT7,37,roads
T-RT7,R-RT7,100,roads
R-RT7,T-RT7,100,roads
T-RT7,T-RT8,201,roads
W3-W5-26R,T-RT7,490,roads
T-RT7,W3-W5-26R,490,roads
R-RT7,R-RT5,295,roads
T-RT5,T-RT7,295,roads
R-RT5,T-RT5,100,roads
T-RT5,R-RT5,100,roads
P2-P3,R-RT5,90,roads
R-RT5,P2-P3,90,roads
P3,P2-P3,469,roads
P2-P3,P3,469,roads
P2-TE2,P2-P3,429,roads
P2-P3,P2-TE2,429,roads
R-TE2,P2-TE2,90,roads
P2-TE2,R-TE2,90,roads
R-RT5,R-TE2,429,roads
R-P2,P2-TE2,407,roads
R-P2,R-RT4,209,roads
R-TE2,R-P2,336,roads
T-W4,T-RT5,179,roads
T-WT,T-W4,269,roads
W3-W4-WT,T-WT,73,roads
T-WT,W3-W4-WT,73,roads
W3-W4-WT,T-W4,280,roads
T-W4,W3-W4-WT,280,roads
W3-W4-WT,W3-W5-26R,306,roads
W3-W5-26R,W3-W4-WT,306,roads
W3-W4-WT,T-W3,249,roads
T-W3,W3-W4-WT,249,roads
W3-W4-WT,W4-W2-08L,306,roads
W4-W2-08L,W3-W4-WT,306,roads
T-W3,T-WT,237,roads
T-RT4,T-W3,288,roads
T-W2,W4-W2-08L,507,roads
W4-W2-08L,T-W2,507,roads
S-V3,V4-08R,1099,roads
V4-08R,S-V3,1099,roads
R-RT4,T-RT4,100,roads
T-RT4,R-RT4,100,roads
T-W2,T-RT4,237,roads
T-RT3,T-W2,66,roads
R-RT4,P1-TA3,213,roads
P1-TA3,P1-TA2,304,roads
P1-TA2,R-RT3,213,roads
R-RT4,R-RT3,303,roads
R-RT3,R-RT4,303,roads
T-RT3,R-RT3,100,roads
R-RT3,T-RT3,100,roads
P1-TA2,F-FN5,676,roads
T6-W1-08L,T-RT3,172,roads
T-RT3,T6-W1-08L,172,roads
T6-W1-08L,W1-08L,148,roads
W1-08L,T6-W1-08L,148,roads
T6-W1-08L,T5-W1,277,roads
T5-W1,T6-W1-08L,277,roads
T6-W1-08L,S3-S,238,roads
S3-S,T6-W1-08L,238,roads
S-V3,S3-S,69,roads
S3-S,S-V3,69,roads
V3-08R,S-V3,499,roads
S-V3,V3-08R,499,roads
V2-08R,S3-S,159,roads
S3-S,V2-08R,159,roads
S2-S,S3-S,197,roads
S3-S,S2-S,197,roads
S2-S,V1-08R,210,roads
V1-08R,S2-S,210,roads
S2-S,T5-08L,269,roads
T5-08L,S2-S,269,roads
T5-W1,T5-08L,92,roads
T5-08L,T5-W1,92,roads
T-RT2,T5-W1,54,roads
T5-W1,T-RT2,54,roads
T-RT2,T-RT3,239,roads
R-RT2,T-RT2,100,roads
T-RT2,R-RT2,100,roads
R-RT3,R-RT2,239,roads
R-RT2,R-RT1,183,roads
T-RT1,R-RT1,100,roads
R-RT1,T-RT1,100,roads
T-RT1,T-RT2,183,roads
T-RT1,T4-08L,152,roads
T4-08L,S1-S,432,roads
S1-S,T4-08L,432,roads
N-T,T-RT1,72,roads
N-RN3,N-T,95,roads
N-T,T-T3,93,roads
T-T3,N-T,93,roads
T-T3,N-RN3,60,roads
N-RN3,T-T3,60,roads
T3-08L,T-T3,139,roads
T-T3,T3-08L,139,roads
T-UT4,T-T3,252,roads
N-C-RN2,N-RN3,191,roads
R-RN3,N-RN3,97,roads
N-RN3,R-RN3,97,roads
R-RT1,R-RN3,165,roads
R-RN3,R-RT1,165,roads
R-RN2,R-RN3,87,roads
R-RN3,R-RN2,87,roads
R-RN2,N-C-RN2,101,roads
N-C-RN2,R-RN2,101,roads
C-UT4,N-C-RN2,125,roads
N-C-RN2,C-UT4,125,roads
C-UT4,T-UT4,179,roads
UT3-UT4,T-UT4,69,roads
T-UT4,UT3-UT4,69,roads
T-UT3,T-UT4,137,roads
T-UT4,T-UT3,137,roads
T-UT3,UT3-UT4,129,roads
UT3-UT4,T-UT3,129,roads
T2-08L,UT3-UT4,108,roads
UT3-UT4,T2-08L,108,roads
T-UT3,C-UT3,179,roads
C-UT3,T-UT3,179,roads
C-UT3,C-UT4,139,roads
C-UT4,C-UT3,139,roads
C-UT2,C-UT3,137,roads
C-UT2,T-UT2,178,roads
T-UT2,C-UT2,178,roads
T-UT3,T-UT2,140,roads
T-UT2,T-UT3,140,roads
T-UT1,T-UT2,121,roads
T-UT2,T-UT1,121,roads
UT2-UT1,T-UT2,79,roads
T-UT2,UT2-UT1,79,roads
UT2-UT1,T-UT1,171,roads
T-UT1,UT2-UT1,171,roads
T1-08L,UT2-UT1,163,roads
UT2-UT1,T1-08L,163,roads
C-UT1,T-UT1,190,roads
T-UT1,C-UT1,190,roads
C-UT2,C-UT1,146,roads
C-UT1,C-UT2,146,roads
R-RN2,F-FN5,102,roads
N-FN5,R-RN2,145,roads
R-RN2,N-FN5,145,roads
N-FN5,N-C-RN2,133,roads
N-FN5,U-UT4,125,roads
U-UT4,C-UT4,99,roads
U-UT3,U-UT4,137,roads
U-UT4,U-UT3,137,roads
U-UT3,U-UT2,136,roads
U-UT1,U-UT2,127,roads
U-UT2,U-UT1,127,roads
U-UT1,C-UT1,100,roads
C-UT1,U-UT1,100,roads
U-UT2,C-UT2,99,roads
C-UT2,U-UT2,99,roads
U-UT3,C-UT3,99,roads
C-UT3,U-UT3,99,roads
U-UC5,U-UT1,420,roads
U-UT1,U-UC5,420,roads
C-UC5,C-UT1,420,roads
C-UT1,C-UC5,420,roads
U-UC5,C-UC5,100,roads
C-UC5,U-UC5,100,roads
U-UC4,U-UC5,521,roads
U-UC5,U-UC4,521,roads
U-UC4,C-UC4,184,roads
C-UC4,U-UC4,184,roads
C-UC4,C-UC5,265,roads
C-UC5,C-UC4,265,roads
C-UC3,C-UC4,377,roads
C-UC4,C-UC3,377,roads
U-UC3,U-UC4,255,roads
U-UC4,U-UC3,255,roads
C-UC3,U-UC3,81,roads
U-UC3,C-UC3,81,roads
C-U,C-UC3,123,roads
C-UC3,C-U,123,roads
C-U,U-UC3,155,roads
U-UC3,C-U,155,roads
U-N2,U-UC3,120,roads
U-UC3,U-N2,120,roads
U-UC2,U-N2,435,roads
U-N2,U-UC2,435,roads
U-UC1,U-UC2,270,roads
U-UC2,U-UC1,270,roads
C-UC1,U-UC1,98,roads
U-UC1,C-UC1,98,roads
C1,C-UC1,240,roads
C-UC1,C1,240,roads
C-UC2,C-UC1,270,roads
C-UC1,C-UC2,270,roads
C-C2,C-UC2,72,roads
C-UC2,C-C2,72,roads
C2,C-C2,172,roads
C-C2,C2,172,roads
C-U,C-C2,192,roads
C-C2,C-U,192,roads
N-FN5,F-FN5,102,roads
F-FN5,N-FN5,102,roads
F-FN5,F-FN4,371,roads
N-FN4,N-FN5,369,roads
F-FN4,N-FN4,100,roads
N-FN4,F-FN4,100,roads
G1,F-FN4,154,roads
F-FN4,G1,154,roads
G2,F-G2,195,roads
F-G2,G2,195,roads
F-G2,F-FN4,77,roads
F-FN4,F-G2,77,roads
N-FN3,N-FN4,233,roads
F-FN3,F-G2,138,roads
F-G2,F-FN3,138,roads
F-FN3,N-FN3,102,roads
N-FN2,F-FN2,101,roads
F-FN2,N-FN2,101,roads
F-FN3,F-FN2,202,roads
N-FN2,N-FN3,202,roads
MIDDLE1,N-FN2,245,roads
F-FN2,MIDDLE2,265,roads
MIDDLE1,NA1-FN1-N,357,roads
NA1-FN1-N,MIDDLE1,357,roads
MIDDLE2,F-A4,336,roads
F-A4,MIDDLE2,336,roads
E-TB2,F-FN2,803,roads
E-TB2,G3-TB2,210,roads
G3-TB2,F-FN3,765,roads
E-TB3,E-TB2,349,roads
G3-TB3,G3-TB2,349,roads
E-TB3,G3-TB3,210,roads
G4-TF1,G3-TB3,318,roads
G3-TB3,G4-TF1,318,roads
E-TF1,E-TB3,262,roads
G4-TF1,E-TF1,100,roads
E-TF2,E-TF1,212,roads
G4-TF2,G4-TF1,211,roads
G4-TF1,G4-TF2,211,roads
G4-TF2,E-TF2,100,roads
E-TF2,E-TF3,118,roads
E-TF3,E-TF2,118,roads
G4-E2,G4-TF2,60,roads
G4-TF2,G4-E2,60,roads
E2,G4-E2,220,roads
G4-E2,E2,220,roads
G4-E2,G4-TF3,59,roads
G4-TF3,G4-E2,59,roads
E-TF3,G4-TF3,100,roads
B-E-GE1,E-TF3,277,roads
G-GE1,G4-TF3,283,roads
BM1-EM1-M,BM1,353,unroads
BM1,BM1-EM1-M,353,unroads
BM1-EM1-M,EM1,418,unroads
EM1,BM1-EM1-M,418,unroads
BM2-M,BM1-EM1-M,258,unroads
BM1-EM1-M,BM2-M,258,unroads
BM3-B,BM2-M,573,unroads
BM2-M,BM3-B,573,unroads
BM2-M,EM2-M,343,unroads
EM2-M,BM2-M,343,unroads
EM2-EM23,EM2-M,157,unroads
EM2-M,EM2-EM23,157,unroads
EM2-M,BM3-M,52,unroads
BM3-M,EM2-M,52,unroads
EM23,EM2-EM23,230,unroads
EM2-EM23,EM23,230,unroads
EM2,EM2-EM23,341,unroads
EM2-EM23,EM2,341,unroads
BM3-B,BM3-M,200,unroads
BM3-M,BM3-B,200,unroads
BM3-M,EM3-M,350,unroads
EM3-M,BM3-M,350,unroads
BM4-BD1-B,BM3-B,630,unroads
BM3-B,BM4-BD1-B,630,unroads
EM4-EM3,EM3-M,155,unroads
EM3-M,EM4-EM3,155,unroads
EM3-M,BM4-M,280,unroads
BM4-M,EM3-M,280,unroads
EM3,EM4-EM3,459,unroads
EM4-EM3,EM3,459,unroads
EM4-M,EM4-EM3,453,unroads
EM4-EM3,EM4-M,453,unroads
EM4-M,BM4-M,39,unroads
BM4-M,EM4-M,39,unroads
EM5-M,EM4-M,80,unroads
EM4-M,EM5-M,80,unroads
EM5,EM5-M,278,unroads
EM5-M,EM5,278,unroads
EM5-M,EM6-M,304,unroads
EM6-M,EM5-M,304,unroads
EM6,EM6-M,285,unroads
EM6-M,EM6,285,unroads
EM8-M,EM6-M,205,unroads
EM6-M,EM8-M,205,unroads
EM8,EM8-M,128,unroads
EM8-M,EM8,128,unroads
BM5-MD2-M,EM8-M,440,unroads
EM8-M,BM5-MD2-M,440,unroads
BD1-D1-D2A-D,BM4-BD1-B,186,unroads
BM4-BD1-B,BD1-D1-D2A-D,186,unroads
D1-09R,BD1-D1-D2A-D,159,unroads
BD1-D1-D2A-D,D1-09R,159,unroads
D2A-D2-09R,BD1-D1-D2A-D,241,unroads
BD1-D1-D2A-D,D2A-D2-09R,241,unroads
BD2-D,BD1-D1-D2A-D,209,unroads
BD1-D1-D2A-D,BD2-D,209,unroads
D2A-D2-09R,BD2-D,200,unroads
BD2-D,D2A-D2-09R,200,unroads
BD2-D,BD2-B,200,unroads
BD2-B,BD2-D,200,unroads
BD3-B,BD2-B,131,unroads
BD2-B,BD3-B,131,unroads
BD3-D,BD2-D,131,unroads
BD2-D,BD3-D,131,unroads
BD3-D,BD3-B,200,unroads
BD3-B,BD3-D,200,unroads
BD3-D,BD4-D,133,unroads
BD4-D,BD3-D,133,unroads
BD4-B,BD3-B,133,unroads
BD3-B,BD4-B,133,unroads
BD4-B,BD4-D,200,unroads
BD4-D,BD4-B,200,unroads
BD5-D3-D,BD4-D,160,unroads
BD4-D,BD5-D3-D,160,unroads
BD5-B,BD4-B,160,unroads
BD4-B,BD5-B,160,unroads
D3-09R,BD5-D3-D,157,unroads
BD5-D3-D,D3-09R,157,unroads
D4-Y1-09R,BD5-D3-D,232,unroads
BD5-D3-D,D4-Y1-09R,232,unroads
BD6-D4-D,BD5-D3-D,169,unroads
BD5-D3-D,BD6-D4-D,169,unroads
BD5-D3-D,BD5-DY,101,unroads
BD5-DY,BD5-D3-D,101,unroads
BD5-DY,BD6-DY-D,169,unroads
BD6-DY-D,BD5-DY,169,unroads
BD5-DY,BD5-B,100,unroads
BD5-B,BD5-DY,100,unroads
K1-D4,D3-09R,258,unroads
D3-09R,K1-D4,258,unroads
Z1-09L,K1-D4,200,unroads
K1-D4,Z1-09L,200,unroads
K2-K,K1-D4,326,unroads
K1-D4,K2-K,326,unroads
D4-Y1-09R,K1-D4,210,unroads
K1-D4,D4-Y1-09R,210,unroads
D4-Y1-09R,D5-Y1-09R,300,unroads
D5-Y1-09R,D4-Y1-09R,300,unroads
D4-Y1-09R,BD6-D4-D,131,unroads
BD6-D4-D,D4-Y1-09R,131,unroads
BD6-D4-D,BD6-DY-D,100,unroads
BD6-DY-D,BD6-D4-D,100,unroads
BD6-DY-D,BD6-B,100,unroads
BD6-B,BD6-DY-D,100,unroads
BD5-B,BD6-B,169,unroads
BD6-B,BD5-B,169,unroads
BD6-DY-D,MD1-D,151,unroads
MD1-D,BD6-DY-D,151,unroads
MD1-D,D5-D-Y2,142,unroads
D5-D-Y2,MD1-D,142,unroads
MD1-D,MD1-MD2-B,180,unroads
MD1-MD2-B,MD1-D,180,unroads
BD6-B,BM5-B,115,unroads
BM5-B,BD6-B,115,unroads
BM5-B,BM5-MD2-M,148,unroads
BM5-MD2-M,BM5-B,148,unroads
BM5-B,MD1-MD2-B,168,unroads
MD1-MD2-B,BM5-B,168,unroads
BM5-MD2-M,MD1-MD2-B,116,unroads
MD1-MD2-B,BM5-MD2-M,116,unroads
BM6-MD1-M,BM5-MD2-M,127,unroads
BM5-MD2-M,BM6-MD1-M,127,unroads
BM6-MD1-M,MD1-MD2-B,89,unroads
MD1-MD2-B,BM6-MD1-M,89,unroads
D5-D-Y2,MD1-MD2-B,100,unroads
MD1-MD2-B,D5-D-Y2,100,unroads
MD1-MD2-B,BD8-BM6-B,122,unroads
BD8-BM6-B,MD1-MD2-B,122,unroads
BD8-BM6-B,BM6-MD1-M,91,unroads
BM6-MD1-M,BD8-BM6-B,91,unroads
BD8-BM6-B,BD8-BD7,53,unroads
BD8-BD7,BD8-BM6-B,53,unroads
D5-D-Y2,BD8-BD7,173,unroads
BD8-BD7,D5-D-Y2,173,unroads
BD8-D6-D,D5-D-Y2,208,unroads
D5-D-Y2,BD8-D6-D,208,unroads
BD8-BD7,BD8-D6-D,84,unroads
BD8-D6-D,BD8-BD7,84,unroads
BD8-BD7,BD7-B,92,unroads
BD7-B,BD8-BD7,92,unroads
D6-Y2,D5-D-Y2,320,unroads
D5-D-Y2,D6-Y2,320,unroads
D5-Y1-09R,D5-D-Y2,317,unroads
D5-D-Y2,D5-Y1-09R,317,unroads
K2-K,D5-Y1-09R,210,unroads
D5-Y1-09R,K2-K,210,unroads
K2-K,Z2-09L,70,unroads
Z2-09L,K2-K,70,unroads
K2-K,Z3-K-09L,338,unroads
Z3-K-09L,K2-K,338,unroads
D6-09R,Z3-K-09L,356,unroads
Z3-K-09L,D6-09R,356,unroads
D6-09R,D6-Y2,65,unroads
D6-Y2,D6-09R,65,unroads
BD8-D6-D,D6-Y2,189,unroads
D6-Y2,BD8-D6-D,189,unroads
DA1-M,BM6-MD1-M,578,unroads
BM6-MD1-M,DA1-M,578,unroads
BD8-BM6-B,BD7-B,119,unroads
BD7-B,BD8-BM6-B,119,unroads
BD7-B,DA1-B,357,unroads
DA1-B,BD7-B,357,unroads
DA1-D,BD8-D6-D,382,unroads
BD8-D6-D,DA1-D,382,unroads
Y2-Y4-09R,D6-Y2,320,unroads
D6-Y2,Y2-Y4-09R,320,unroads
DA1-B,DA1-D,100,unroads
DA1-D,DA1-B,100,unroads
DA1-B,DA1-M,191,unroads
DA1-M,DA1-B,191,unroads
M-A,DA1-M,48,unroads
DA1-M,M-A,48,unroads
Y4-Y3,Y2-Y4-09R,273,unroads
Y2-Y4-09R,Y4-Y3,273,unroads
Y4-Y3,Y3-Y5-09R,266,unroads
Y3-Y5-09R,Y4-Y3,266,unroads
Y4-Y3,DA1-D,310,unroads
DA1-D,Y4-Y3,310,unroads
Y4-Y3,Y4-D-Q,326,unroads
Y4-D-Q,Y4-Y3,326,unroads
BD9-D,DA1-D,376,unroads
DA1-D,BD9-D,376,unroads
BD9-D,Y4-D-Q,164,unroads
Y4-D-Q,BD9-D,164,unroads
BD9-D,A-W-B,151,unroads
A-W-B,BD9-D,151,unroads
Y4-D-Q,A-W-B,296,unroads
A-W-B,Y4-D-Q,296,unroads
DA1-M,DA1-A-Y,122,unroads
DA1-A-Y,DA1-M,122,unroads
Y,DA1-A-Y,140,unroads
DA1-A-Y,Y,140,unroads
A-Z,DA1-A-Y,305,unroads
DA1-A-Y,A-Z,305,unroads
Z,A-Z,140,unroads
A-Z,Z,140,unroads
A-A3-1,A-Z,306,unroads
A-Z,A-A3-1,306,unroads
A3-Z,A-A3-1,248,unroads
A-A3-1,A3-Z,248,unroads
Z,A3-Z,140,unroads
A3-Z,Z,140,unroads
A3-Y,A3-Z,100,unroads
A3-Z,A3-Y,100,unroads
Y,A3-Y,140,unroads
A3-Y,Y,140,unroads
A3-X,A3-Y,119,unroads
A3-Y,A3-X,119,unroads
X,A3-X,140,unroads
A3-X,X,140,unroads
A3-W,A3-X,96,unroads
A3-X,A3-W,96,unroads
W,A3-W,140,unroads
A3-W,W,140,unroads
A3-U,A3-W,271,unroads
A3-W,A3-U,271,unroads
U,A3-U,140,unroads
A3-U,U,140,unroads
A-A3-2,A3-U,189,unroads
A3-U,A-A3-2,189,unroads
A-A3-2,A-A3-1,201,unroads
A-A3-1,A-A3-2,201,unroads
A-A3-2,A-NA1,249,unroads
A-NA1,A-A3-2,249,unroads
A-U,A-NA1,78,unroads
A-NA1,A-U,78,unroads
U,A-U,130,unroads
A-U,U,130,unroads
A-V,A-U,595,unroads
A-U,A-V,595,unroads
V,A-V,140,unroads
A-V,V,140,unroads
A-W-B,A-V,214,unroads
A-V,A-W-B,214,unroads
W,A-W-B,140,unroads
A-W-B,W,140,unroads
A-B,A-W-B,102,unroads
A-W-B,A-B,102,unroads
A-X,A-B,234,unroads
A-B,A-X,234,unroads
X,A-X,160,unroads
A-X,X,160,unroads
M-A,A-X,156,unroads
A-X,M-A,156,unroads
DA1-A-Y,M-A,127,unroads
M-A,DA1-A-Y,127,unroads
DA1-B,A-B,360,unroads
A-B,DA1-B,360,unroads
Y5-QB1-Q,Y4-D-Q,469,unroads
Y4-D-Q,Y5-QB1-Q,469,unroads
Y5-QB1-Q,Y3-Y5-09R,557,unroads
Y3-Y5-09R,Y5-QB1-Q,557,unroads
QB2-Q,Y5-QB1-Q,176,unroads
Y5-QB1-Q,QB2-Q,176,unroads
QB2-Q,QB2-F-B,200,unroads
QB2-F-B,QB2-Q,200,unroads
A-W-B,QB1-B-N,472,unroads
QB1-B-N,A-W-B,472,unroads
QB1-B-N,QB2-F-B,195,unroads
QB2-F-B,QB1-B-N,195,unroads
QB1-B-N,Y5-QB1-Q,200,unroads
Y5-QB1-Q,QB1-B-N,200,unroads
NA1-FN1-N,A-NA1,212,unroads
A-NA1,NA1-FN1-N,212,unroads
F-A4,NA1-FN1-N,101,unroads
NA1-FN1-N,F-A4,101,unroads
F-A4,A4,395,unroads
A4,F-A4,395,unroads
NA1-FN1-N,QB1-B-N,692,unroads
QB1-B-N,NA1-FN1-N,692,unroads
QB2-F-B,F-A4,697,unroads
F-A4,QB2-F-B,697,unroads
QB2-F-B,QB3-B,256,unroads
QB3-B,QB2-F-B,256,unroads
QB3-B,QB3-Q,200,unroads
QB3-Q,QB3-B,200,unroads
QB3-B,QB4-B,152,unroads
QB4-B,QB3-B,152,unroads
QB4-B,QB4-Q,200,unroads
QB4-Q,QB4-B,200,unroads
QB4-B,QB5-B,152,unroads
QB5-B,QB4-B,152,unroads
QB5-B,QB5-Q,200,unroads
QB5-Q,QB5-B,200,unroads
QB5-B,QB6-B,152,unroads
QB6-B,QB5-B,152,unroads
QB6-B,QB6-Q,200,unroads
QB6-Q,QB6-B,200,unroads
QB6-B,QB7-B,180,unroads
QB7-B,QB6-B,180,unroads
QB7-B,QB7-Q4-Q,100,unroads
QB7-Q4-Q,QB7-B,100,unroads
QB7-Q4-Q,QB7-Q,100,unroads
QB7-Q,QB7-Q4-Q,100,unroads
QB3-Q,QB2-Q,276,unroads
QB2-Q,QB3-Q,276,unroads
QB3-Q,Y6-QB3,91,unroads
Y6-QB3,QB3-Q,91,unroads
QB4-Q,QB3-Q,152,unroads
QB3-Q,QB4-Q,152,unroads
Y6-QB3,QB4-Q,202,unroads
QB4-Q,Y6-QB3,202,unroads
Y6-QB3,Y6-27L,255,unroads
Y6-27L,Y6-QB3,255,unroads
Q2-27L,QB4-Q,154,unroads
QB4-Q,Q2-27L,154,unroads
QB5-Q,QB4-Q,152,unroads
QB4-Q,QB5-Q,152,unroads
Q3-Q,QB5-Q,97,unroads
QB5-Q,Q3-Q,97,unroads
QB6-Q,Q3-Q,54,unroads
Q3-Q,QB6-Q,54,unroads
Q3-27L,Q3-Q,152,unroads
Q3-Q,Q3-27L,152,unroads
QB7-Q4-Q,QB6-Q,180,unroads
QB6-Q,QB7-Q4-Q,180,unroads
QB7-Q4-Q,Q4-27L,146,unroads
Q4-27L,QB7-Q4-Q,146,unroads
K6-Z6-K,Q2-27L,284,unroads
Q2-27L,K6-Z6-K,284,unroads
K7-Z7-K,Q3-27L,284,unroads
Q3-27L,K7-Z7-K,284,unroads
K8-Z8-K,Q4-27L,319,unroads
Q4-27L,K8-Z8-K,319,unroads
K8-Z8-K,Z8-27R,59,unroads
Z8-27R,K8-Z8-K,59,unroads
Z7-27R,K7-Z7-K,58,unroads
K7-Z7-K,Z7-27R,58,unroads
K6-Z6-K,Z6-27R,151,unroads
Z6-27R,K6-Z6-K,151,unroads
K6-Z6-K,Z5-27R,610,unroads
Z5-27R,K6-Z6-K,610,unroads
QB7-B,QB8-B,225,unroads
QB8-B,QB7-B,225,unroads
QB8-B,QB8-Q,100,unroads
QB8-Q,QB8-B,100,unroads
QB8-Q,QB7-Q,225,unroads
QB7-Q,QB8-Q,225,unroads
Q5-27L,QB8-Q,246,unroads
QB8-Q,Q5-27L,246,unroads
QB9-Q,QB8-Q,331,unroads
QB8-Q,QB9-Q,331,unroads
QB8-B,QB9-B,331,unroads
QB9-B,QB8-B,331,unroads
QB9-B,QB9-Q,100,unroads
QB9-Q,QB9-B,100,unroads
QB9-Q,Q6-27L,248,unroads
Q6-27L,QB9-Q,248,unroads
QB10-Q,QB9-Q,620,unroads
QB9-Q,QB10-Q,620,unroads
QB9-B,QB10-B,539,unroads
QB10-B,QB9-B,539,unroads
QB10-B,QB10-Q,135,unroads
QB10-Q,QB10-B,135,unroads
QB11-Q,QB10-Q,82,unroads
QB10-Q,QB11-Q,82,unroads
QB10-B,QB11-B,96,unroads
QB11-B,QB10-B,96,unroads
QB11-B,QB11-Q,140,unroads
QB11-Q,QB11-B,140,unroads
QB11-B,QB12-B,495,unroads
QB12-B,QB11-B,495,unroads
QB12-Q,QB11-Q,574,unroads
QB11-Q,QB12-Q,574,unroads
QB12-Q,QB12-B,100,unroads
QB12-B,QB12-Q,100,unroads
B1-B2,QB12-B,484,unroads
QB12-B,B1-B2,484,unroads
QB12-B,MIDDLE3,306,unroads
MIDDLE3,QB12-B,306,unroads
MIDDLE4,QB12-Q,306,unroads
QB12-Q,MIDDLE4,306,unroads
MIDDLE3,B-E-GE1,349,unroads
B-E-GE1,MIDDLE3,349,unroads
Q-E-GE2,MIDDLE4,349,unroads
MIDDLE4,Q-E-GE2,349,unroads
B-E-GE1,Q-E-GE2,105,unroads
Q-E-GE2,B-E-GE1,105,unroads
B-E-GE1,G-GE1,101,unroads
G-GE1,B-E-GE1,101,unroads
G-GE2,G-GE1,85,unroads
G-GE1,G-GE2,85,unroads
E3,G-GE1,216,unroads
G-GE1,E3,216,unroads
E4,E3,116,unroads
E3,E4,116,unroads
E4,G-GE2,216,unroads
G-GE2,E4,216,unroads
Q-E-GE2,G-GE2,101,unroads
G-GE2,Q-E-GE2,101,unroads
Q-E-GE2,E-GE3,276,unroads
E-GE3,Q-E-GE2,276,unroads
G-GE3,E-GE3,99,unroads
E-GE3,G-GE3,99,unroads
G-GE2,G-GE3,291,unroads
G-GE3,G-GE2,291,unroads
E-GE4,E-GE3,198,unroads
E-GE3,E-GE4,198,unroads
G-GE4,E-GE4,100,unroads
E-GE4,G-GE4,100,unroads
G-E6,G-GE3,124,unroads
G-GE3,G-E6,124,unroads
G-E6,G-GE4,73,unroads
G-GE4,G-E6,73,unroads
G-GE3,R-E5,912,unroads
R-E5,G-GE3,912,unroads
G-E6,R-E6,912,unroads
R-E6,G-E6,912,unroads
E-GE5,E-GE4,369,unroads
E-GE4,E-GE5,369,unroads
G-E7,G-GE4,219,unroads
G-GE4,G-E7,219,unroads
G-E7,G-GE5-GE6,147,unroads
G-GE5-GE6,G-E7,147,unroads
G-GE5-GE6,E-GE5,125,unroads
E-GE5,G-GE5-GE6,125,unroads
E-GE6,E-GE5,204,unroads
E-GE5,E-GE6,204,unroads
G-GE5-GE6,E-GE6,101,unroads
E-GE6,G-GE5-GE6,101,unroads
G-E7,E7-TL2,131,unroads
E7-TL2,G-E7,131,unroads
E7-TL2,G-TL2,96,unroads
G-TL2,E7-TL2,96,unroads
E7-TL3,E7-TL2,171,unroads
E7-TL2,E7-TL3,171,unroads
E7-TL3,G-GE7,96,unroads
G-GE7,E7-TL3,96,unroads
G-TL2,G-GE5-GE6,108,unroads
G-GE5-GE6,G-TL2,108,unroads
G-GE7,G-TL2,171,unroads
G-TL2,G-GE7,171,unroads
E-GE7,E-GE6,279,unroads
E-GE6,E-GE7,279,unroads
E-GE7,G-GE7,101,unroads
G-GE7,E-GE7,101,unroads
G-GE8,G-GE7,253,unroads
G-GE7,G-GE8,253,unroads
E-GE7,E-GE8,256,unroads
E-GE8,E-GE7,256,unroads
G-GE8,E-GE8,101,unroads
E-GE8,G-GE8,101,unroads
P4-E9,E-GE8,172,unroads
E-GE8,P4-E9,172,unroads
E-P4,E-GE8,114,unroads
E-GE8,E-P4,114,unroads
E-GE9,E-P4,21,unroads
E-P4,E-GE9,21,unroads
E-GE9,E-P5,22,unroads
E-P5,E-GE9,22,unroads
E-P4,P4-E9,72,unroads
P4-E9,E-P4,72,unroads
P5-E9,E-P5,72,unroads
E-P5,P5-E9,72,unroads
P5-E9,P4-E9,44,unroads
P4-E9,P5-E9,44,unroads
P4-E9,P4-E10,160,unroads
P4-E10,P4-E9,160,unroads
P4-E10,P5-E10,44,unroads
P5-E10,P4-E10,44,unroads
P5-E9,P5-E10,160,unroads
P5-E10,P5-E9,160,unroads
E10,P4-E10,166,unroads
P4-E10,E10,166,unroads
P4-E11,P4-E10,201,unroads
P4-E10,P4-E11,201,unroads
E11,P4-E11,166,unroads
P4-E11,E11,166,unroads
P4-E12,P4-E11,201,unroads
P4-E11,P4-E12,201,unroads
E12,P4-E12,166,unroads
P4-E12,E12,166,unroads
P5-E12,P4-E12,44,unroads
P4-E12,P5-E12,44,unroads
P5-E11,P5-E12,201,unroads
P5-E12,P5-E11,201,unroads
P4-E11,P5-E11,44,unroads
P5-E11,P4-E11,44,unroads
P5-E11,P5-E10,201,unroads
P5-E10,P5-E11,201,unroads
E8-TL4,G-GE8,95,unroads
G-GE8,E8-TL4,95,unroads
E8-TL5,E8-TL4,139,unroads
E8-TL4,E8-TL5,139,unroads
E8-TL5,G-GE9,95,unroads
G-GE9,E8-TL5,95,unroads
E-GE9,G-GE9,101,unroads
G-GE9,E-GE9,101,unroads
G-GE9,G-GE10,131,unroads
G-GE10,G-GE9,131,unroads
E8-TL6,G-GE10,95,unroads
G-GE10,E8-TL6,95,unroads
E8-TL5,E8-TL6,134,unroads
E8-TL6,E8-TL5,134,unroads
E-GE10,G-GE10,101,unroads
G-GE10,E-GE10,101,unroads
E-GE10,E-P5,101,unroads
E-P5,E-GE10,101,unroads
E8-R,E8-TL6,101,unroads
E8-TL6,E8-R,101,unroads
R-RP10,G-GE10,104,unroads
G-GE10,R-RP10,104,unroads
E-GE10,R-RP11,110,unroads
R-RP11,E-GE10,110,unroads
R-RP10,R-RP11,101,unroads
R-RP11,R-RP10,101,unroads
R-RP11,R-RP12,133,unroads
R-RP12,R-RP11,133,unroads
R-RP12,R-RP13,125,unroads
R-RP13,R-RP12,125,unroads
R-RP13,R-RP14,170,unroads
R-RP14,R-RP13,170,unroads
R-RP14,R-RP15,125,unroads
R-RP15,R-RP14,125,unroads
P-RP12,E-GE10,133,unroads
E-GE10,P-RP12,133,unroads
P-RP13,P-RP12,125,unroads
P-RP12,P-RP13,125,unroads
P-RP14,P-RP13,170,unroads
P-RP13,P-RP14,170,unroads
R-RP15,P-RP14,228,unroads
P-RP14,R-RP15,228,unroads
R-RP14,P-RP14,124,unroads
P-RP14,R-RP14,124,unroads
R-RP13,P-RP13,124,unroads
P-RP13,R-RP13,124,unroads
R-RP12,P-RP12,116,unroads
P-RP12,R-RP12,116,unroads
R1-26R,R-RP15,615,unroads
R-RP15,R1-26R,615,unroads
T-RT10,R-RP10,100,unroads
R-RP10,T-RT10,100,unroads
R-RP11,T-RT11,100,unroads
T-RT11,R-RP11,100,unroads
T-RT12,R-RP12,100,unroads
R-RP12,T-RT12,100,unroads
R-RP13,T-RT13,100,unroads
T-RT13,R-RP13,100,unroads
R-RP14,T-RT14,100,unroads
T-RT14,R-RP14,100,unroads
T-RT15,R-RP15,160,unroads
R-RP15,T-RT15,160,unroads
R-RT9,E8-R,41,unroads
E8-R,R-RT9,41,unroads
T-RT9,R-RT9,100,unroads
R-RT9,T-RT9,100,unroads
T-RT10,T-RT9,139,unroads
T-RT9,T-RT10,139,unroads
T-RT11,T-RT10,101,unroads
T-RT10,T-RT11,101,unroads
T-RT12,T-RT11,132,unroads
T-RT11,T-RT12,132,unroads
T-RT13,T-RT12,125,unroads
T-RT12,T-RT13,125,unroads
T-RT13,T-T10,87,unroads
T-T10,T-RT13,87,unroads
T-RT14,T-T10,83,unroads
T-T10,T-RT14,83,unroads
T-RT15,T-RT14,158,unroads
T-RT14,T-RT15,158,unroads
R-RT9,R-RT8,228,unroads
R-RT8,R-RT9,228,unroads
T-RT8,R-RT8,100,unroads
R-RT8,T-RT8,100,unroads
T-RT9,R-RT9,100,unroads
R-RT9,T-RT9,100,unroads
T-RT9,T-RT8,228,unroads
T-RT8,T-RT9,228,unroads
V5-26L,S6-S,865,unroads
S6-S,V5-26L,865,unroads
W6-RT9-RT10,T-RT9,84,unroads
T-RT9,W6-RT9-RT10,84,unroads
W6-RT9-RT10,T-RT10,191,unroads
T-RT10,W6-RT9-RT10,191,unroads
W6-RT9-RT10,W6-26R,329,unroads
W6-26R,W6-RT9-RT10,329,unroads
T-RT11,T9-26R,114,unroads
T9-26R,T-RT11,114,unroads
T9-26R,S6-S,289,unroads
S6-S,T9-26R,289,unroads
S6-V6,S6-S,72,unroads
S6-S,S6-V6,72,unroads
S6-V6,S-V6,188,unroads
S-V6,S6-V6,188,unroads
V6-26L,S6-V6,311,unroads
S6-V6,V6-26L,311,unroads
S6-S,S-V6,133,unroads
S-V6,S6-S,133,unroads
S7-S,S-V6,77,unroads
S-V6,S7-S,77,unroads
T-T10,T10-26R,177,unroads
T10-26R,T-T10,177,unroads
T10-26R,S7-S,276,unroads
S7-S,T10-26R,276,unroads
V7-26L,S7-S,236,unroads
S7-S,V7-26L,236,unroads
S9-S,S7-S,150,unroads
S7-S,S9-S,150,unroads
T-RT14,T11-26R,175,unroads
T11-26R,T-RT14,175,unroads
T11-26R,S9-S,246,unroads
S9-S,T11-26R,246,unroads
V9-26L,S9-S,152,unroads
S9-S,V9-26L,152,unroads
T12-26R,RT15-T12,134,unroads
RT15-T12,T12-26R,134,unroads
R-E6,R-RT8,73,unroads
R-RT8,R-E6,73,unroads
R-E5,R-E6,91,unroads
R-E6,R-E5,91,unroads
R-RT7,R-E5,37,unroads
R-E5,R-RT7,37,unroads
T-RT7,R-RT7,100,unroads
R-RT7,T-RT7,100,unroads
T-RT8,T-RT7,201,unroads
T-RT7,T-RT8,201,unroads
W3-W5-26R,T-RT7,490,unroads
T-RT7,W3-W5-26R,490,unroads
R-RT5,R-RT7,295,unroads
R-RT7,R-RT5,295,unroads
T-RT7,T-RT5,295,unroads
T-RT5,T-RT7,295,unroads
R-RT5,T-RT5,100,unroads
T-RT5,R-RT5,100,unroads
P2-P3,R-RT5,90,unroads
R-RT5,P2-P3,90,unroads
P3,P2-P3,469,unroads
P2-P3,P3,469,unroads
P2-TE2,P2-P3,429,unroads
P2-P3,P2-TE2,429,unroads
R-TE2,P2-TE2,90,unroads
P2-TE2,R-TE2,90,unroads
R-TE2,R-RT5,429,unroads
R-RT5,R-TE2,429,unroads
P2-TE2,R-P2,407,unroads
R-P2,P2-TE2,407,unroads
R-RT4,R-P2,209,unroads
R-P2,R-RT4,209,unroads
R-P2,R-TE2,336,unroads
R-TE2,R-P2,336,unroads
T-RT5,T-W4,179,unroads
T-W4,T-RT5,179,unroads
T-W4,T-WT,269,unroads
T-WT,T-W4,269,unroads
W3-W4-WT,T-WT,73,unroads
T-WT,W3-W4-WT,73,unroads
W3-W4-WT,T-W4,280,unroads
T-W4,W3-W4-WT,280,unroads
W3-W4-WT,W3-W5-26R,306,unroads
W3-W5-26R,W3-W4-WT,306,unroads
W3-W4-WT,T-W3,249,unroads
T-W3,W3-W4-WT,249,unroads
W3-W4-WT,W4-W2-08L,306,unroads
W4-W2-08L,W3-W4-WT,306,unroads
T-WT,T-W3,237,unroads
T-W3,T-WT,237,unroads
T-W3,T-RT4,288,unroads
T-RT4,T-W3,288,unroads
T-W2,W4-W2-08L,507,unroads
W4-W2-08L,T-W2,507,unroads
S-V3,V4-08R,1099,unroads
V4-08R,S-V3,1099,unroads
R-RT4,T-RT4,100,unroads
T-RT4,R-RT4,100,unroads
T-RT4,T-W2,237,unroads
T-W2,T-RT4,237,unroads
T-W2,T-RT3,66,unroads
T-RT3,T-W2,66,unroads
P1-TA3,R-RT4,213,unroads
R-RT4,P1-TA3,213,unroads
P1-TA2,P1-TA3,304,unroads
P1-TA3,P1-TA2,304,unroads
R-RT3,P1-TA2,213,unroads
P1-TA2,R-RT3,213,unroads
R-RT4,R-RT3,303,unroads
R-RT3,R-RT4,303,unroads
T-RT3,R-RT3,100,unroads
R-RT3,T-RT3,100,unroads
F-FN5,P1-TA2,676,unroads
P1-TA2,F-FN5,676,unroads
T6-W1-08L,T-RT3,172,unroads
T-RT3,T6-W1-08L,172,unroads
T6-W1-08L,W1-08L,148,unroads
W1-08L,T6-W1-08L,148,unroads
T6-W1-08L,T5-W1,277,unroads
T5-W1,T6-W1-08L,277,unroads
T6-W1-08L,S3-S,238,unroads
S3-S,T6-W1-08L,238,unroads
S-V3,S3-S,69,unroads
S3-S,S-V3,69,unroads
V3-08R,S-V3,499,unroads
S-V3,V3-08R,499,unroads
V2-08R,S3-S,159,unroads
S3-S,V2-08R,159,unroads
S2-S,S3-S,197,unroads
S3-S,S2-S,197,unroads
S2-S,V1-08R,210,unroads
V1-08R,S2-S,210,unroads
S2-S,T5-08L,269,unroads
T5-08L,S2-S,269,unroads
T5-W1,T5-08L,92,unroads
T5-08L,T5-W1,92,unroads
T-RT2,T5-W1,54,unroads
T5-W1,T-RT2,54,unroads
T-RT3,T-RT2,239,unroads
T-RT2,T-RT3,239,unroads
R-RT2,T-RT2,100,unroads
T-RT2,R-RT2,100,unroads
R-RT2,R-RT3,239,unroads
R-RT3,R-RT2,239,unroads
R-RT1,R-RT2,183,unroads
R-RT2,R-RT1,183,unroads
T-RT1,R-RT1,100,unroads
R-RT1,T-RT1,100,unroads
T-RT2,T-RT1,183,unroads
T-RT1,T-RT2,183,unroads
T4-08L,T-RT1,152,unroads
T-RT1,T4-08L,152,unroads
T4-08L,S1-S,432,unroads
S1-S,T4-08L,432,unroads
T-RT1,N-T,72,unroads
N-T,T-RT1,72,unroads
N-T,N-RN3,95,unroads
N-RN3,N-T,95,unroads
N-T,T-T3,93,unroads
T-T3,N-T,93,unroads
T-T3,N-RN3,60,unroads
N-RN3,T-T3,60,unroads
T3-08L,T-T3,139,unroads
T-T3,T3-08L,139,unroads
T-T3,T-UT4,252,unroads
T-UT4,T-T3,252,unroads
N-RN3,N-C-RN2,191,unroads
N-C-RN2,N-RN3,191,unroads
R-RN3,N-RN3,97,unroads
N-RN3,R-RN3,97,unroads
R-RT1,R-RN3,165,unroads
R-RN3,R-RT1,165,unroads
R-RN2,R-RN3,87,unroads
R-RN3,R-RN2,87,unroads
R-RN2,N-C-RN2,101,unroads
N-C-RN2,R-RN2,101,unroads
C-UT4,N-C-RN2,125,unroads
N-C-RN2,C-UT4,125,unroads
T-UT4,C-UT4,179,unroads
C-UT4,T-UT4,179,unroads
UT3-UT4,T-UT4,69,unroads
T-UT4,UT3-UT4,69,unroads
T-UT3,T-UT4,137,unroads
T-UT4,T-UT3,137,unroads
T-UT3,UT3-UT4,129,unroads
UT3-UT4,T-UT3,129,unroads
T2-08L,UT3-UT4,108,unroads
UT3-UT4,T2-08L,108,unroads
T-UT3,C-UT3,179,unroads
C-UT3,T-UT3,179,unroads
C-UT3,C-UT4,139,unroads
C-UT4,C-UT3,139,unroads
C-UT3,C-UT2,137,unroads
C-UT2,C-UT3,137,unroads
C-UT2,T-UT2,178,unroads
T-UT2,C-UT2,178,unroads
T-UT3,T-UT2,140,unroads
T-UT2,T-UT3,140,unroads
T-UT1,T-UT2,121,unroads
T-UT2,T-UT1,121,unroads
UT2-UT1,T-UT2,79,unroads
T-UT2,UT2-UT1,79,unroads
UT2-UT1,T-UT1,171,unroads
T-UT1,UT2-UT1,171,unroads
T1-08L,UT2-UT1,163,unroads
UT2-UT1,T1-08L,163,unroads
C-UT1,T-UT1,190,unroads
T-UT1,C-UT1,190,unroads
C-UT2,C-UT1,146,unroads
C-UT1,C-UT2,146,unroads
F-FN5,R-RN2,102,unroads
R-RN2,F-FN5,102,unroads
N-FN5,R-RN2,145,unroads
R-RN2,N-FN5,145,unroads
N-C-RN2,N-FN5,133,unroads
N-FN5,N-C-RN2,133,unroads
U-UT4,N-FN5,125,unroads
N-FN5,U-UT4,125,unroads
C-UT4,U-UT4,99,unroads
U-UT4,C-UT4,99,unroads
U-UT3,U-UT4,137,unroads
U-UT4,U-UT3,137,unroads
U-UT2,U-UT3,136,unroads
U-UT3,U-UT2,136,unroads
U-UT1,U-UT2,127,unroads
U-UT2,U-UT1,127,unroads
U-UT1,C-UT1,100,unroads
C-UT1,U-UT1,100,unroads
U-UT2,C-UT2,99,unroads
C-UT2,U-UT2,99,unroads
U-UT3,C-UT3,99,unroads
C-UT3,U-UT3,99,unroads
U-UC5,U-UT1,420,unroads
U-UT1,U-UC5,420,unroads
C-UC5,C-UT1,420,unroads
C-UT1,C-UC5,420,unroads
U-UC5,C-UC5,100,unroads
C-UC5,U-UC5,100,unroads
U-UC4,U-UC5,521,unroads
U-UC5,U-UC4,521,unroads
U-UC4,C-UC4,184,unroads
C-UC4,U-UC4,184,unroads
C-UC4,C-UC5,265,unroads
C-UC5,C-UC4,265,unroads
C-UC3,C-UC4,377,unroads
C-UC4,C-UC3,377,unroads
U-UC3,U-UC4,255,unroads
U-UC4,U-UC3,255,unroads
C-U,C-UC3,123,unroads
C-UC3,C-U,123,unroads
C-UC3,U-UC3,81,unroads
U-UC3,C-UC3,81,unroads
C-U,U-UC3,155,unroads
U-UC3,C-U,155,unroads
U-N2,U-UC3,120,unroads
U-UC3,U-N2,120,unroads
U-UC2,U-N2,435,unroads
U-N2,U-UC2,435,unroads
U-UC1,U-UC2,270,unroads
U-UC2,U-UC1,270,unroads
C-UC1,U-UC1,98,unroads
U-UC1,C-UC1,98,unroads
C1,C-UC1,240,unroads
C-UC1,C1,240,unroads
C-UC2,C-UC1,270,unroads
C-UC1,C-UC2,270,unroads
C-C2,C-UC2,72,unroads
C-UC2,C-C2,72,unroads
C2,C-C2,172,unroads
C-C2,C2,172,unroads
C-U,C-C2,192,unroads
C-C2,C-U,192,unroads
N-FN5,F-FN5,102,unroads
F-FN5,N-FN5,102,unroads
F-FN4,F-FN5,371,unroads
F-FN5,F-FN4,371,unroads
N-FN5,N-FN4,369,unroads
N-FN4,N-FN5,369,unroads
F-FN4,N-FN4,100,unroads
N-FN4,F-FN4,100,unroads
G1,F-FN4,154,unroads
F-FN4,G1,154,unroads
G2,F-G2,195,unroads
F-G2,G2,195,unroads
F-G2,F-FN4,77,unroads
F-FN4,F-G2,77,unroads
N-FN4,N-FN3,233,unroads
N-FN3,N-FN4,233,unroads
F-FN3,F-G2,138,unroads
F-G2,F-FN3,138,unroads
N-FN3,F-FN3,102,unroads
F-FN3,N-FN3,102,unroads
N-FN2,F-FN2,101,unroads
F-FN2,N-FN2,101,unroads
F-FN2,F-FN3,202,unroads
F-FN3,F-FN2,202,unroads
N-FN3,N-FN2,202,unroads
N-FN2,N-FN3,202,unroads
N-FN2,MIDDLE1,245,unroads
MIDDLE1,N-FN2,245,unroads
MIDDLE2,F-FN2,265,unroads
F-FN2,MIDDLE2,265,unroads
MIDDLE1,NA1-FN1-N,357,unroads
NA1-FN1-N,MIDDLE1,357,unroads
MIDDLE2,F-A4,336,unroads
F-A4,MIDDLE2,336,unroads
F-FN2,E-TB2,803,unroads
E-TB2,F-FN2,803,unroads
G3-TB2,E-TB2,210,unroads
E-TB2,G3-TB2,210,unroads
F-FN3,G3-TB2,765,unroads
G3-TB2,F-FN3,765,unroads
E-TB2,E-TB3,349,unroads
E-TB3,E-TB2,349,unroads
G3-TB2,G3-TB3,349,unroads
G3-TB3,G3-TB2,349,unroads
G3-TB3,E-TB3,210,unroads
E-TB3,G3-TB3,210,unroads
G4-TF1,G3-TB3,318,unroads
G3-TB3,G4-TF1,318,unroads
E-TB3,E-TF1,262,unroads
E-TF1,E-TB3,262,unroads
E-TF1,G4-TF1,100,unroads
G4-TF1,E-TF1,100,unroads
E-TF1,E-TF2,212,unroads
E-TF2,E-TF1,212,unroads
G4-TF2,G4-TF1,211,unroads
G4-TF1,G4-TF2,211,unroads
E-TF2,G4-TF2,100,unroads
G4-TF2,E-TF2,100,unroads
E-TF2,E-TF3,118,unroads
E-TF3,E-TF2,118,unroads
G4-E2,G4-TF2,60,unroads
G4-TF2,G4-E2,60,unroads
E2,G4-E2,220,unroads
G4-E2,E2,220,unroads
G4-E2,G4-TF3,59,unroads
G4-TF3,G4-E2,59,unroads
G4-TF3,E-TF3,100,unroads
E-TF3,G4-TF3,100,unroads
E-TF3,B-E-GE1,277,unroads
B-E-GE1,E-TF3,277,unroads
G4-TF3,G-GE1,283,unroads
G-GE1,G4-TF3,283,unroads
